measuredAt	commit	seed	map	ticks	agentsAtEnd	msPerTickWarmup	msPerTickSteady	totalMs	topPhase	node
2026-09-02T20:49:53.442Z	b95996df	42	small	200	505	75.5	355.3	57082	groups	v24.14.0
2026-09-03T17:57:30.712Z	1c725457	42	small	200	511	39.4	72.9	12917	agent_decision	v24.14.0
2026-09-03T18:55:00.360Z	7f6b1321	42	small	200	511	48.7	112.6	19339	agent_decision	v24.14.0
2026-09-04T05:41:47.775Z	d8861ca6	42	small	200	511	38.5	82.7	14348	agent_decision	v24.14.0
2026-09-04T05:55:20.593Z	d8861ca6	42	small	200	511	38.8	70.9	12590	agent_decision	v24.14.0
2026-09-04T06:55:55.020Z	06c6f8f9	42	small	200	511	55.1	117.8	20436	agent_decision	v24.14.0
2026-09-04T07:55:43.770Z	7fd33ed7	42	small	200	511	38.4	70.5	12498	agent_decision	v24.14.0
2026-09-04T08:55:49.331Z	05c4761c	42	small	200	511	47.0	82.9	14802	agent_decision	v24.14.0
2026-09-04T09:55:10.755Z	bd71928e	42	small	200	511	43.8	81.3	14398	agent_decision	v24.14.0
2026-09-04T10:55:54.360Z	89ca5117	42	small	200	511	46.6	86.1	15261	agent_decision	v24.14.0
2026-09-04T11:55:39.956Z	4e124c27	42	small	200	511	37.3	84.1	14486	agent_decision	v24.14.0
2026-09-04T12:55:24.833Z	e9d92f6c	42	small	200	511	41.6	91.5	15822	agent_decision	v24.14.0
2026-09-04T13:56:11.759Z	1af966a5	42	small	200	511	37.0	73.7	12912	agent_decision	v24.14.0
2026-09-06T11:24:08.683Z	5c37c7dd	42	small	200	511	38.2	94.8	16138	agent_decision	v24.14.0
2026-09-06T11:55:44.872Z	45639a9b	42	small	200	511	38.0	84.8	14627	agent_decision	v24.14.0
2026-09-06T12:55:14.828Z	4ced52a8	42	small	200	511	37.5	84.8	14605	agent_decision	v24.14.0
2026-09-06T13:55:44.357Z	64358319	42	small	200	511	38.2	81.8	14192	agent_decision	v24.14.0
2026-09-06T14:55:55.142Z	e482f33b	42	small	200	511	39.3	73.2	12953	agent_decision	v24.14.0
2026-09-06T15:55:45.991Z	2ad1c1c8	42	small	200	511	41.3	119.5	20003	agent_decision	v24.14.0
2026-09-06T16:55:27.427Z	33a3eb10	42	small	200	511	38.4	111.5	18659	agent_decision	v24.14.0
2026-09-06T22:54:44.693Z	87e0200a	42	small	200	511	39.1	112.7	18878	agent_decision	v24.14.0
2026-09-06T23:56:00.890Z	c9958003	42	small	200	511	38.1	102.2	17253	agent_decision	v24.14.0
2026-09-07T00:55:03.135Z	759e661d	42	small	200	511	38.0	105.4	17723	agent_decision	v24.14.0
2026-09-07T01:55:43.609Z	4a394e3e	42	small	200	511	39.2	108.6	18254	agent_decision	v24.14.0
2026-09-07T02:55:07.042Z	cf41033e	42	small	200	511	38.7	108.2	18173	agent_decision	v24.14.0
2026-09-07T03:55:46.924Z	6260806b	42	small	200	511	38.7	109.1	18318	agent_decision	v24.14.0
2026-09-07T04:55:31.849Z	c798bc91	42	small	200	511	40.8	113.9	19135	agent_decision	v24.14.0
2026-09-07T05:54:56.097Z	e4e3706a	42	small	200	511	39.1	111.0	18621	agent_decision	v24.14.0
2026-09-07T06:55:48.959Z	e4e3706a	42	small	200	511	41.3	117.0	19634	agent_decision	v24.14.0
2026-09-07T07:54:53.965Z	e4e3706a	42	small	200	511	43.4	116.5	19658	agent_decision	v24.14.0
2026-09-07T08:55:59.347Z	e4e3706a	42	small	200	511	41.1	120.1	20082	agent_decision	v24.14.0
2026-09-07T09:49:27.328Z	e4e3706a	42	small	200	511	39.8	70.7	12607	agent_decision	v24.14.0
2026-09-07T10:55:28.052Z	1d423bd6	42	small	200	511	39.0	86.9	14994	agent_decision	v24.14.0
2026-09-07T11:55:41.533Z	1d423bd6	42	small	200	511	39.7	73.1	12955	agent_decision	v24.14.0
2026-09-07T12:55:48.323Z	78d76214	42	small	200	511	42.5	88.9	15476	agent_decision	v24.14.0
2026-09-07T13:55:26.779Z	d40cbeec	42	small	200	511	39.9	72.0	12796	agent_decision	v24.14.0
2026-09-07T14:55:32.536Z	d40cbeec	42	small	200	511	41.3	117.9	19753	agent_decision	v24.14.0
2026-09-07T15:55:04.293Z	67a13f4f	42	small	200	511	37.4	103.5	17403	agent_decision	v24.14.0
2026-09-08T16:55:11.280Z	3baa95fc	42	small	200	509	51.1	110.0	19064	agent_decision	v24.14.0
2026-09-08T17:54:33.326Z	03da0b3c	42	small	200	509	47.5	68.4	12639	agent_decision	v24.14.0
2026-09-08T18:55:10.521Z	06d6a86c	42	small	200	509	46.8	66.3	12294	agent_decision	v24.14.0
2026-09-08T19:55:24.141Z	06d6a86c	42	small	200	505	55.5	69.0	13140	agent_decision	v24.14.0
2026-09-08T20:56:05.017Z	f19fb632	42	small	200	500	48.4	65.1	12198	agent_decision	v24.14.0
2026-09-08T21:56:07.216Z	c9d1e73f	42	small	200	497	48.8	62.3	11792	agent_decision	v24.14.0
2026-09-08T22:55:06.080Z	a87e8f24	42	small	200	497	49.4	63.9	12065	agent_decision	v24.14.0
2026-09-08T23:54:59.065Z	a87e8f24	42	small	200	497	48.6	62.2	11778	agent_decision	v24.14.0
2026-09-09T00:54:50.620Z	a87e8f24	42	small	200	497	49.8	63.7	12053	agent_decision	v24.14.0
2026-09-09T01:55:26.171Z	a87e8f24	42	small	200	497	49.8	63.9	12086	agent_decision	v24.14.0
2026-09-09T19:59:30.864Z	a87e8f24	42	small	200	497	53.4	97.2	17259	agent_decision	v24.14.0
2026-09-09T20:55:25.412Z	781ddb06	42	small	200	497	49.2	63.0	11918	agent_decision	v24.14.0
2026-09-09T21:56:06.885Z	6d77c36c	42	small	200	504	47.6	64.9	12118	agent_decision	v24.14.0
2026-09-09T22:55:19.146Z	6d77c36c	42	small	200	504	46.7	65.3	12137	agent_decision	v24.14.0
2026-09-09T23:55:39.690Z	5fd85f0e	42	small	200	504	46.8	64.4	12012	agent_decision	v24.14.0
2026-09-10T00:55:16.343Z	5fd85f0e	42	small	200	504	50.3	71.4	13235	agent_decision	v24.14.0
2026-09-10T01:54:54.087Z	26acd1dd	42	small	200	504	49.8	69.1	12859	agent_decision	v24.14.0
2026-09-10T02:56:05.364Z	bb6a7288	42	small	200	504	49.4	69.0	12833	agent_decision	v24.14.0
2026-09-10T03:56:37.780Z	102ef17e	42	small	200	504	49.2	67.8	12636	agent_decision	v24.14.0
2026-09-10T04:55:45.131Z	78d2f667	42	small	200	504	49.6	68.5	12763	agent_decision	v24.14.0
2026-09-10T05:55:28.824Z	ccc1e874	42	small	200	504	50.1	69.5	12946	agent_decision	v24.14.0
2026-09-10T06:57:15.885Z	910d95b0	42	small	200	504	57.2	116.5	20349	agent_decision	v24.14.0
2026-09-10T07:56:50.806Z	b5569a1b	42	small	200	504	56.1	123.1	21293	agent_decision	v24.14.0
2026-09-10T08:56:27.867Z	d11521ab	42	small	200	504	51.6	102.2	17919	agent_decision	v24.14.0
2026-09-10T09:55:46.110Z	658fb08b	42	small	200	504	52.6	76.3	14086	agent_decision	v24.14.0
2026-09-10T10:55:09.039Z	12dd3ea2	42	small	200	492	52.6	116.3	20082	agent_decision	v24.14.0
2026-09-10T11:56:58.201Z	12464dfe	42	small	200	492	50.5	94.7	16738	agent_decision	v24.14.0
2026-09-10T12:55:16.934Z	6a55c3e1	42	small	200	492	49.2	105.7	18321	agent_decision	v24.14.0
2026-09-10T13:55:51.967Z	201d8a21	42	small	200	492	56.1	116.7	20325	agent_decision	v24.14.0
2026-09-10T14:57:06.184Z	7abb4672	42	small	200	492	48.7	66.3	12386	agent_decision	v24.14.0
2026-09-10T15:56:02.141Z	6f270587	42	small	200	492	48.7	86.7	15458	agent_decision	v24.14.0
2026-09-10T16:55:56.489Z	71221870	42	small	200	492	47.7	97.0	16951	agent_decision	v24.14.0
2026-09-10T17:56:21.601Z	cbe35d50	42	small	200	492	48.1	93.3	16405	agent_decision	v24.14.0
2026-09-10T18:55:30.224Z	4d0b3bee	42	small	200	492	54.6	113.6	19789	agent_decision	v24.14.0
2026-09-10T19:55:57.907Z	ffe4ba91	42	small	200	492	48.8	97.0	16998	agent_decision	v24.14.0
2026-09-10T20:57:12.786Z	ffe4ba91	42	small	200	492	48.4	98.8	17246	agent_decision	v24.14.0
2026-09-10T21:56:49.140Z	716eddde	42	small	200	500	46.2	88.6	15619	agent_decision	v24.14.0
2026-09-10T22:56:19.069Z	135a1de0	42	small	200	500	46.8	90.7	15949	agent_decision	v24.14.0
2026-09-10T23:55:40.348Z	4f0d33ba	42	small	200	483	45.4	78.8	14101	agent_decision	v24.14.0
2026-09-11T00:56:15.832Z	e7eac1ee	42	small	200	483	45.0	87.2	15344	agent_decision	v24.14.0
2026-09-11T01:56:22.468Z	e9437e55	42	small	200	483	45.2	79.5	14194	agent_decision	v24.14.0
2026-09-11T02:57:26.853Z	27176b91	42	small	200	483	45.2	86.9	15308	agent_decision	v24.14.0
2026-09-11T03:57:01.208Z	587626f8	42	small	200	493	44.9	100.4	17310	agent_decision	v24.14.0
2026-09-11T04:56:31.042Z	f93a601d	42	small	200	493	44.4	94.6	16420	agent_decision	v24.14.0
2026-09-11T05:57:41.179Z	089bc19b	42	small	200	493	44.4	99.4	17142	agent_decision	v24.14.0
2026-09-11T06:57:09.061Z	1ed92064	42	small	200	493	53.7	121.5	20924	agent_decision	v24.14.0
2026-09-11T07:55:38.518Z	b2f7ba35	42	small	200	493	48.5	119.0	20287	agent_decision	v24.14.0
2026-09-11T08:54:54.526Z	931970f8	42	small	200	493	49.8	72.2	13337	agent_decision	v24.14.0
2026-09-11T09:55:55.709Z	f6e52773	42	small	200	494	50.1	76.6	14004	agent_decision	v24.14.0
2026-09-11T10:55:16.466Z	cffcad5e	42	small	200	494	45.1	90.8	15885	agent_decision	v24.14.0
2026-09-11T11:54:44.968Z	2a614d66	42	small	200	494	45.6	92.5	16168	agent_decision	v24.14.0
2026-09-11T12:55:27.387Z	ccb3ba67	42	small	200	494	50.9	96.2	16980	agent_decision	v24.14.0
2026-09-11T13:55:01.218Z	7fb58715	42	small	200	494	45.7	63.5	11823	agent_decision	v24.14.0
2026-09-12T06:03:29.881Z	b357073a	42	small	200	494	44.3	77.0	13772	agent_decision	v24.14.0
2026-09-12T06:56:19.930Z	ccc866da	42	small	200	494	44.3	72.6	13120	agent_decision	v24.14.0
2026-09-12T07:54:34.717Z	a0e128d4	42	small	200	496	43.5	61.4	11389	agent_decision	v24.14.0
2026-09-12T08:54:34.082Z	b115a0b1	42	small	200	496	43.2	59.9	11151	agent_decision	v24.14.0
2026-09-12T09:54:40.433Z	74fddcf4	42	small	200	496	46.3	64.3	11973	agent_decision	v24.14.0
2026-09-12T10:56:22.773Z	04b1d9e1	42	small	200	496	44.3	68.1	12442	agent_decision	v24.14.0
2026-09-12T11:55:17.708Z	8d506e5b	42	small	200	496	45.7	81.2	14480	agent_decision	v24.14.0
2026-09-12T12:56:22.116Z	efdeebf5	42	small	200	496	42.9	60.2	11187	agent_decision	v24.14.0
2026-09-12T13:56:53.792Z	358f9941	42	small	200	496	43.9	60.4	11266	agent_decision	v24.14.0
2026-09-12T14:55:51.044Z	f9090b3b	42	small	200	496	42.9	59.5	11073	agent_decision	v24.14.0
2026-09-12T15:55:50.744Z	fa3d437a	42	small	200	496	44.2	61.1	11383	agent_decision	v24.14.0
2026-09-12T16:54:44.340Z	fa3d437a	42	small	200	496	47.0	65.1	12121	agent_decision	v24.14.0
2026-09-12T17:54:39.506Z	bad2021b	42	small	200	495	44.5	61.1	11404	agent_decision	v24.14.0
2026-09-12T18:55:34.609Z	bad2021b	42	small	200	495	44.3	61.4	11440	agent_decision	v24.14.0
2026-09-12T19:54:52.633Z	cb952de7	42	small	200	499	46.2	64.0	11921	agent_decision	v24.14.0
2026-09-12T20:54:58.535Z	cb952de7	42	small	200	499	45.6	62.7	11696	agent_decision	v24.14.0
2026-09-12T21:54:51.916Z	987feb3d	42	small	200	497	45.1	58.7	11076	agent_decision	v24.14.0
2026-09-12T22:56:53.593Z	e855b8b4	42	small	200	497	46.0	58.6	11093	agent_decision	v24.14.0
2026-09-12T23:54:56.281Z	e855b8b4	42	small	200	497	45.3	58.4	11037	agent_decision	v24.14.0
2026-09-13T00:54:50.228Z	e855b8b4	42	small	200	497	45.9	58.9	11137	agent_decision	v24.14.0
2026-09-13T01:55:22.012Z	1f3bb8ce	42	small	200	501	45.1	62.4	11623	agent_decision	v24.14.0
2026-09-13T02:54:55.668Z	b3581662	42	small	200	501	46.2	63.0	11768	agent_decision	v24.14.0
2026-09-13T03:56:36.777Z	56d79ddd	42	small	200	501	44.9	62.0	11553	agent_decision	v24.14.0
2026-09-13T04:55:07.088Z	6fd7da22	42	small	200	499	46.0	64.4	11965	agent_decision	v24.14.0
2026-09-13T05:55:00.760Z	e7395328	42	small	200	499	46.3	64.4	11984	agent_decision	v24.14.0
2026-09-13T06:54:45.077Z	8298dbe3	42	small	200	499	46.4	65.0	12074	agent_decision	v24.14.0
2026-09-13T07:55:27.634Z	f7494176	42	small	200	499	46.1	64.1	11931	agent_decision	v24.14.0
2026-09-13T08:56:10.738Z	8406e55a	42	small	200	499	46.0	64.2	11938	agent_decision	v24.14.0
2026-09-13T09:56:10.580Z	c6a5f51f	42	small	200	499	46.3	65.0	12081	agent_decision	v24.14.0
2026-09-13T10:55:06.133Z	cdadde8b	42	small	200	499	48.1	66.6	12409	agent_decision	v24.14.0
2026-09-13T11:57:09.400Z	6e844d59	42	small	200	499	46.5	64.6	12023	agent_decision	v24.14.0
2026-09-13T12:55:58.982Z	570d6810	42	small	200	499	48.3	66.0	12328	agent_decision	v24.14.0
2026-09-13T13:56:58.756Z	326ab64f	42	small	200	499	55.1	72.8	13687	agent_decision	v24.14.0
2026-09-13T14:55:21.440Z	097c90bd	42	small	200	499	49.3	68.2	12703	agent_decision	v24.14.0
2026-09-13T15:56:13.448Z	c9980a12	42	small	200	499	47.0	65.0	12109	agent_decision	v24.14.0
2026-09-13T16:57:52.495Z	ef6d51af	42	small	200	499	47.8	66.4	12367	agent_decision	v24.14.0
2026-09-13T17:56:21.004Z	504c0964	42	small	200	499	47.7	67.3	12487	agent_decision	v24.14.0
2026-09-13T18:57:26.055Z	cc870288	42	small	200	501	47.0	103.5	17887	agent_decision	v24.14.0
2026-09-16T13:55:07.722Z	cc870288	42	small	200	501	42.7	58.6	10930	agent_decision	v24.14.0
2026-09-16T14:54:35.622Z	f12f5b2f	42	small	200	502	43.6	56.5	10660	agent_decision	v24.14.0
2026-09-16T15:54:27.520Z	cb0906a1	42	small	200	502	43.8	57.6	10835	agent_decision	v24.14.0
2026-09-16T16:54:04.419Z	ee8f4909	42	small	200	502	44.7	74.6	13437	agent_decision	v24.14.0
2026-09-16T17:54:43.135Z	527ed118	42	small	200	502	44.0	68.3	12464	agent_decision	v24.14.0
2026-09-16T18:54:40.466Z	be463370	42	small	200	502	44.0	68.3	12452	agent_decision	v24.14.0
2026-09-16T19:54:39.290Z	aaf19c34	42	small	200	502	44.4	82.3	14581	agent_decision	v24.14.0
2026-09-16T20:54:44.959Z	9a43365b	42	small	200	502	45.2	85.5	15091	agent_decision	v24.14.0
2026-09-16T21:55:01.998Z	9a43365b	42	small	200	502	44.3	86.3	15171	agent_decision	v24.14.0
2026-09-16T22:54:41.667Z	c7a5ed56	42	small	200	502	44.5	86.6	15224	agent_decision	v24.14.0
2026-09-16T23:54:38.207Z	81fd0f43	42	small	200	502	45.0	85.8	15135	agent_decision	v24.14.0
2026-09-17T00:54:07.273Z	d8e5c7db	42	small	200	502	44.8	88.1	15470	agent_decision	v24.14.0
2026-09-17T01:54:35.989Z	d8e5c7db	42	small	200	502	43.8	81.0	14354	agent_decision	v24.14.0
2026-09-17T02:54:31.764Z	da01eb15	42	small	200	502	44.4	87.8	15404	agent_decision	v24.14.0
2026-09-17T03:54:03.496Z	da01eb15	42	small	200	502	43.3	77.5	13801	agent_decision	v24.14.0
2026-09-17T04:54:42.962Z	da01eb15	42	small	200	502	44.2	87.1	15283	agent_decision	v24.14.0
2026-09-17T05:54:07.191Z	da01eb15	42	small	200	502	45.3	88.2	15514	agent_decision	v24.14.0
2026-09-17T15:52:42.596Z	da01eb15	42	small	200	502	43.6	59.3	11080	agent_decision	v24.14.0
2026-09-17T16:55:44.831Z	049dac50	42	small	200	502	44.2	58.7	11025	agent_decision	v24.14.0
2026-09-17T17:55:25.974Z	049dac50	42	small	200	502	44.9	74.0	13355	agent_decision	v24.14.0
2026-09-17T18:55:40.423Z	049dac50	42	small	200	502	44.9	71.2	12929	agent_decision	v24.14.0
2026-09-17T19:55:53.333Z	049dac50	42	small	200	502	44.3	85.8	15098	agent_decision	v24.14.0
2026-09-17T20:55:49.498Z	049dac50	42	small	200	502	43.8	74.9	13438	agent_decision	v24.14.0
2026-09-17T21:56:42.554Z	049dac50	42	small	200	502	44.6	74.4	13398	agent_decision	v24.14.0
2026-09-17T22:55:40.891Z	049dac50	42	small	200	502	46.8	87.3	15453	agent_decision	v24.14.0
2026-09-17T23:55:42.040Z	049dac50	42	small	200	502	44.6	86.6	15236	agent_decision	v24.14.0
2026-09-18T00:55:30.971Z	049dac50	42	small	200	502	44.2	88.6	15513	agent_decision	v24.14.0
2026-09-18T16:46:33.873Z	049dac50	42	small	200	502	46.7	76.0	13749	agent_decision	v24.14.0
2026-09-18T16:48:29.967Z	049dac50	42	small	200	502	44.1	72.3	13054	agent_decision	v24.14.0
2026-09-18T17:54:55.843Z	3f4037cc	42	small	200	501	45.8	80.6	14383	agent_decision	v24.14.0
2026-09-18T18:55:30.725Z	e764e80b	42	small	200	501	45.0	76.0	13661	agent_decision	v24.14.0
2026-09-18T19:55:06.627Z	38edc797	42	small	200	501	44.6	76.8	13762	agent_decision	v24.14.0
2026-09-18T20:55:35.680Z	38edc797	42	small	200	501	44.6	71.6	12982	agent_decision	v24.14.0
2026-09-18T21:55:31.350Z	38edc797	42	small	200	501	43.8	56.2	10634	agent_decision	v24.14.0
2026-09-18T22:54:54.992Z	029ea0d6	42	small	200	498	43.3	57.9	10851	agent_decision	v24.14.0
2026-09-18T23:55:32.703Z	3d39f728	42	small	200	498	43.4	57.8	10854	agent_decision	v24.14.0
2026-09-19T00:55:28.225Z	3d39f728	42	small	200	498	43.3	58.2	10906	agent_decision	v24.14.0
2026-09-19T01:55:31.812Z	3d39f728	42	small	200	498	43.4	57.8	10848	agent_decision	v24.14.0
2026-09-19T02:55:46.132Z	3d39f728	42	small	200	498	43.4	57.6	10824	agent_decision	v24.14.0
2026-09-19T03:54:59.314Z	3d39f728	42	small	200	498	43.9	59.0	11057	agent_decision	v24.14.0
2026-09-19T04:55:36.578Z	3d39f728	42	small	200	498	43.2	57.4	10781	agent_decision	v24.14.0
2026-09-19T05:55:42.386Z	3d39f728	42	small	200	498	42.7	56.8	10659	agent_decision	v24.14.0
2026-09-19T06:55:44.970Z	3d39f728	42	small	200	498	45.0	90.3	15808	agent_decision	v24.14.0
2026-09-19T07:55:49.855Z	3d39f728	42	small	200	498	45.6	91.9	16070	agent_decision	v24.14.0
2026-09-19T08:55:51.782Z	3d39f728	42	small	200	498	45.0	90.0	15768	agent_decision	v24.14.0
2026-09-20T10:54:57.746Z	83fc7e88	42	small	200	498	46.5	65.5	12153	agent_decision	v24.14.0
2026-09-20T11:56:19.422Z	83fc7e88	42	small	200	498	42.4	60.3	11171	agent_decision	v24.14.0
2026-09-20T12:55:05.518Z	83fc7e88	42	small	200	498	43.7	81.1	14370	agent_decision	v24.14.0
2026-09-20T13:54:38.712Z	83fc7e88	42	small	200	498	60.9	86.4	16017	agent_decision	v24.14.0
2026-09-20T14:55:58.386Z	83fc7e88	42	small	200	498	43.3	82.4	14543	agent_decision	v24.14.0
2026-09-20T15:55:38.759Z	da7f4398	42	small	200	498	45.0	84.1	14881	agent_decision	v24.14.0
2026-09-20T16:54:31.186Z	da7f4398	42	small	200	498	44.9	86.1	15173	agent_decision	v24.14.0
2026-09-20T17:55:10.369Z	df1cf66c	42	small	200	498	46.2	87.7	15472	agent_decision	v24.14.0
2026-09-20T18:55:40.680Z	df1cf66c	42	small	200	498	46.6	86.5	15313	agent_decision	v24.14.0
2026-09-21T15:38:44.954Z	df1cf66c	42	small	200	498	49.8	80.9	14634	agent_decision	v24.14.0
2026-09-21T15:55:48.437Z	df1cf66c	42	small	200	498	43.6	63.2	11677	agent_decision	v24.14.0
2026-09-21T16:55:41.023Z	df1cf66c	42	small	200	498	42.6	68.3	12387	agent_decision	v24.14.0
2026-09-21T17:56:12.798Z	df1cf66c	42	small	200	498	42.2	61.4	11337	agent_decision	v24.14.0
2026-09-21T18:55:58.870Z	df1cf66c	42	small	200	498	42.1	75.1	13375	agent_decision	v24.14.0
2026-09-21T19:54:48.529Z	df1cf66c	42	small	200	498	44.1	89.0	15565	agent_decision	v24.14.0
2026-09-21T20:55:44.502Z	3471da05	42	small	200	498	43.1	57.2	10741	agent_decision	v24.14.0
2026-09-21T21:54:41.304Z	542b4d33	42	small	200	498	44.6	59.1	11110	agent_decision	v24.14.0
2026-09-21T22:54:08.972Z	7f4b8e98	42	small	200	501	43.7	58.5	10970	agent_decision	v24.14.0
2026-09-21T23:54:30.300Z	80f6e83e	42	small	200	498	47.3	68.7	12676	agent_decision	v24.14.0
2026-09-22T00:55:09.727Z	79dc8963	42	small	200	498	46.5	62.8	11758	agent_decision	v24.14.0
2026-09-22T01:56:18.454Z	79dc8963	42	small	200	502	45.6	64.8	12001	agent_decision	v24.14.0
2026-09-22T02:55:48.207Z	f04ea84c	42	small	200	501	46.6	66.8	12364	agent_decision	v24.14.0
2026-09-22T03:54:35.323Z	25cb19d5	42	small	200	501	47.9	68.4	12664	agent_decision	v24.14.0
2026-09-22T04:54:27.176Z	20ee315a	42	small	200	501	49.1	71.0	13120	agent_decision	v24.14.0
2026-09-22T05:56:13.461Z	6922b33e	42	small	200	501	49.2	69.8	12935	agent_decision	v24.14.0
2026-09-22T06:55:18.205Z	6922b33e	42	small	200	499	47.9	66.7	12412	agent_decision	v24.14.0
2026-09-22T07:55:26.085Z	f3f9fb60	42	small	200	503	48.9	67.1	12520	agent_decision	v24.14.0
2026-09-22T08:56:34.039Z	f3f9fb60	42	small	200	503	46.6	65.6	12185	agent_decision	v24.14.0
2026-09-22T09:56:05.349Z	f3f9fb60	42	small	200	503	47.1	66.1	12288	agent_decision	v24.14.0
2026-09-22T10:55:41.156Z	f3f9fb60	42	small	200	503	48.3	67.7	12578	agent_decision	v24.14.0
2026-09-22T11:54:22.803Z	f3f9fb60	42	small	200	503	48.8	68.2	12676	agent_decision	v24.14.0
2026-09-22T12:56:10.078Z	f3f9fb60	42	small	200	503	46.5	64.4	11993	agent_decision	v24.14.0
2026-09-22T13:55:19.582Z	f3f9fb60	42	small	200	503	47.7	66.9	12423	agent_decision	v24.14.0
2026-09-22T14:56:05.232Z	f3f9fb60	42	small	200	503	46.9	65.4	12159	agent_decision	v24.14.0
2026-09-22T15:55:38.921Z	f3f9fb60	42	small	200	503	46.5	64.8	12054	agent_decision	v24.14.0
2026-09-23T05:55:36.011Z	4896c726	42	small	200	503	47.1	83.7	14926	agent_decision	v24.14.0
2026-09-23T08:39:16.099Z	f50759a4	42	small	200	503	48.4	65.2	12214	agent_decision	v24.14.0
2026-09-23T08:54:51.282Z	f50759a4	42	small	200	503	45.4	65.0	12036	agent_decision	v24.14.0
2026-09-23T09:54:53.397Z	c1318329	42	small	200	503	49.3	74.2	13604	agent_decision	v24.14.0
2026-09-23T10:54:32.966Z	c1318329	42	small	200	503	52.5	74.6	13829	agent_decision	v24.14.0
2026-09-23T11:54:46.119Z	c1318329	42	small	200	503	47.0	84.9	15088	agent_decision	v24.14.0
2026-09-23T12:55:01.675Z	c1318329	42	small	200	503	45.7	64.2	11922	agent_decision	v24.14.0
2026-09-23T13:54:51.193Z	c1318329	42	small	200	503	46.4	85.0	15086	agent_decision	v24.14.0
2026-09-23T14:54:37.374Z	c1318329	42	small	200	503	45.4	91.2	15967	agent_decision	v24.14.0
2026-09-23T15:54:56.749Z	c1318329	42	small	200	503	45.3	98.0	16973	agent_decision	v24.14.0
2026-09-23T16:54:13.344Z	c1318329	42	small	200	503	45.9	90.0	15801	agent_decision	v24.14.0
2026-09-23T17:54:55.464Z	c1318329	42	small	200	503	45.3	98.3	17018	agent_decision	v24.14.0
2026-09-23T18:54:37.682Z	cc7a7f6a	42	small	200	503	48.1	90.8	16030	agent_decision	v24.14.0
2026-09-23T19:54:50.714Z	cc7a7f6a	42	small	200	503	47.7	66.6	12385	agent_decision	v24.14.0
2026-09-23T20:54:48.157Z	ade16ded	42	small	200	510	45.7	60.0	11285	agent_decision	v24.14.0
2026-09-23T21:54:41.931Z	95999554	42	small	200	510	45.3	61.5	11503	agent_decision	v24.14.0
2026-09-23T22:54:40.886Z	c3808ab9	42	small	200	510	46.7	60.2	11368	agent_decision	v24.14.0
2026-09-23T23:54:59.006Z	c12d984b	42	small	200	510	45.2	60.1	11277	agent_decision	v24.14.0
2026-09-24T00:54:48.656Z	9cc62c05	42	small	200	510	44.8	59.4	11166	agent_decision	v24.14.0
2026-09-24T05:43:13.367Z	9cc62c05	42	small	200	510	84.0	80.1	16234	agent_decision	v24.14.0
2026-09-24T05:54:51.612Z	9cc62c05	42	small	200	510	48.6	79.1	14307	agent_decision	v24.14.0
2026-09-24T06:55:57.895Z	ff367f71	42	small	200	510	48.3	64.5	12104	agent_decision	v24.14.0
2026-09-24T07:55:40.858Z	814bd553	42	small	200	510	48.8	74.6	13639	agent_decision	v24.14.0
2026-09-24T08:54:40.649Z	3239cd2b	42	small	200	510	46.1	81.8	14589	agent_decision	v24.14.0
2026-09-24T09:54:59.565Z	949ea242	42	small	200	510	60.9	98.3	17812	agent_decision	v24.14.0
2026-09-24T10:55:52.778Z	9736f45e	42	small	200	497	57.5	90.7	16494	agent_decision	v24.14.0
2026-09-24T11:55:05.218Z	07d51e3e	42	small	200	497	47.1	78.5	14136	agent_decision	v24.14.0
2026-09-24T12:55:53.085Z	07d51e3e	42	small	200	497	64.7	97.0	17794	agent_decision	v24.14.0
2026-09-24T13:55:32.748Z	ec34dab2	42	small	200	497	48.8	86.3	15388	agent_decision	v24.14.0
2026-09-24T14:55:16.173Z	33f6dcf4	42	small	200	522	47.9	97.1	16979	agent_decision	v24.14.0
2026-09-24T15:55:21.559Z	33f6dcf4	42	small	200	522	58.2	102.0	18220	agent_decision	v24.14.0
2026-09-24T16:54:15.827Z	306e4659	42	small	200	522	48.4	86.1	15351	agent_decision	v24.14.0
2026-09-24T17:55:09.557Z	f0863a72	42	small	200	522	51.0	80.8	14685	agent_decision	v24.14.0
2026-09-24T18:55:20.322Z	d69c4a0d	42	small	200	522	57.1	85.4	15677	agent_decision	v24.14.0
2026-09-24T19:55:07.843Z	dc478637	42	small	200	522	47.9	66.6	12394	agent_decision	v24.14.0
2026-09-24T20:55:04.105Z	2242c7ff	42	small	200	493	45.4	59.5	11203	agent_decision	v24.14.0
2026-09-24T21:55:07.685Z	2242c7ff	42	small	200	493	45.8	60.3	11339	agent_decision	v24.14.0
2026-09-24T22:55:10.343Z	c1d34f7e	42	small	200	497	46.7	61.4	11548	agent_decision	v24.14.0
2026-09-24T23:55:27.503Z	576e97ff	42	small	200	497	45.8	61.4	11503	agent_decision	v24.14.0
2026-09-25T00:55:06.639Z	631439af	42	small	200	497	46.6	62.3	11682	agent_decision	v24.14.0
2026-09-25T01:54:31.589Z	73a44ae1	42	small	200	497	46.5	62.2	11661	agent_decision	v24.14.0
2026-09-25T02:55:35.923Z	c4e0d574	42	small	200	497	46.8	61.9	11637	agent_decision	v24.14.0
2026-09-25T03:55:05.631Z	d33665c3	42	small	200	497	46.0	61.0	11454	agent_decision	v24.14.0
2026-09-25T04:55:32.015Z	61ab6568	42	small	200	497	45.8	60.5	11376	agent_decision	v24.14.0
2026-09-25T05:55:18.690Z	564f483f	42	small	200	497	51.3	75.5	13907	agent_decision	v24.14.0
2026-09-25T06:55:21.581Z	d6ff4070	42	small	200	497	47.6	63.4	11906	agent_decision	v24.14.0
2026-09-25T07:55:22.952Z	25b22824	42	small	200	497	48.5	63.0	11881	agent_decision	v24.14.0
2026-09-25T08:55:26.911Z	1852b292	42	small	200	498	52.5	87.5	15757	agent_decision	v24.14.0
2026-09-25T09:55:10.358Z	66d3e201	42	small	200	498	46.1	66.9	12354	agent_decision	v24.14.0
2026-09-25T10:55:09.658Z	13daf0f0	42	small	200	498	50.9	76.7	14059	agent_decision	v24.14.0
2026-09-25T12:09:30.366Z	1b68a20d	42	small	200	498	49.5	77.4	14095	agent_decision	v24.14.0
2026-09-25T12:54:48.974Z	67c4bdf7	42	small	200	494	54.5	91.8	16514	agent_decision	v24.14.0
2026-09-25T13:55:15.678Z	b0cb3879	42	small	200	491	43.5	70.6	12772	agent_decision	v24.14.0
2026-09-25T14:55:21.581Z	1a0d803e	42	small	200	498	45.0	75.9	13654	agent_decision	v24.14.0
2026-09-25T15:55:23.204Z	a79155fd	42	small	200	498	45.7	78.5	14065	agent_decision	v24.14.0
2026-09-25T16:55:31.541Z	5de3b1f3	42	small	200	498	45.4	79.9	14267	agent_decision	v24.14.0
2026-09-25T17:55:34.600Z	74b4461e	42	small	200	498	48.1	82.7	14822	agent_decision	v24.14.0
2026-09-25T18:55:25.477Z	74b4461e	42	small	200	498	46.7	85.4	15153	agent_decision	v24.14.0
2026-09-25T19:55:00.120Z	3e27003a	42	small	200	498	46.6	86.8	15362	agent_decision	v24.14.0
2026-09-25T20:55:29.009Z	3e27003a	42	small	200	498	46.8	108.2	18584	agent_decision	v24.14.0
2026-09-25T21:54:58.351Z	ad4e940b	42	small	200	504	46.5	83.3	14823	agent_decision	v24.14.0
2026-09-25T22:54:47.393Z	d2ac5031	42	small	200	504	47.1	83.2	14849	agent_decision	v24.14.0
2026-09-25T23:55:24.056Z	6a7374ae	42	small	200	492	48.2	80.4	14490	agent_decision	v24.14.0
2026-09-26T00:55:24.218Z	b9803408	42	small	200	492	50.1	79.8	14477	agent_decision	v24.14.0
2026-09-26T01:56:27.685Z	b9803408	42	small	200	492	48.6	77.9	14131	agent_decision	v24.14.0
2026-09-26T02:54:55.417Z	e7430a1b	42	small	200	502	47.8	78.4	14162	agent_decision	v24.14.0
2026-09-26T03:56:09.393Z	00869497	42	small	200	502	47.0	80.3	14411	agent_decision	v24.14.0
2026-09-26T04:55:35.896Z	c9bcc288	42	small	200	502	50.5	105.9	18431	agent_decision	v24.14.0
2026-09-26T05:57:03.559Z	7f5195c5	42	small	200	502	47.3	77.8	14037	agent_decision	v24.14.0
2026-09-26T06:56:37.717Z	81c5c9ef	42	small	200	489	46.8	74.0	13451	agent_decision	v24.14.0
2026-09-26T07:56:00.366Z	110cd23a	42	small	200	492	45.6	72.7	13192	agent_decision	v24.14.0
2026-09-26T08:56:05.210Z	2863a24b	42	small	200	492	47.4	62.9	11823	agent_decision	v24.14.0
2026-09-26T09:54:50.475Z	dbf4f9d5	42	small	200	492	47.0	62.8	11785	agent_decision	v24.14.0
2026-09-26T10:55:28.768Z	68f172bb	42	small	200	503	47.4	64.3	12034	agent_decision	v24.14.0
2026-09-26T11:56:10.159Z	6a08b9a2	42	small	200	489	47.6	59.4	11296	agent_decision	v24.14.0
2026-09-26T12:55:08.868Z	fed7ba93	42	small	200	489	47.6	60.6	11481	agent_decision	v24.14.0
2026-09-26T13:54:57.114Z	fed7ba93	42	small	200	489	48.4	61.1	11588	agent_decision	v24.14.0
2026-09-26T14:55:45.075Z	580ce6d9	42	small	200	486	59.5	77.6	14624	agent_decision	v24.14.0
2026-09-26T16:01:08.329Z	e33bc5da	42	small	200	490	59.1	76.2	14397	agent_decision	v24.14.0
2026-09-26T16:56:06.447Z	c78778d8	42	small	200	490	58.4	76.4	14381	agent_decision	v24.14.0
2026-09-26T17:55:17.451Z	a42a6b44	42	small	200	490	60.6	79.1	14902	agent_decision	v24.14.0
2026-09-26T18:55:36.328Z	721b2b10	42	small	200	490	63.3	82.2	15506	agent_decision	v24.14.0
2026-09-26T19:55:30.567Z	48e77981	42	small	200	490	60.2	79.1	14892	agent_decision	v24.14.0
2026-09-26T20:55:50.531Z	0badebc5	42	small	200	487	59.9	77.8	14675	agent_decision	v24.14.0
2026-09-26T22:01:39.351Z	f0f24999	42	small	200	487	59.9	77.7	14657	agent_decision	v24.14.0
2026-09-26T22:55:54.877Z	9d9ad861	42	small	200	487	59.7	77.7	14640	agent_decision	v24.14.0
2026-09-26T23:54:52.229Z	9b67455b	42	small	200	487	59.6	78.0	14689	agent_decision	v24.14.0
2026-09-27T00:55:39.428Z	7b99fb70	42	small	200	487	59.8	78.0	14698	agent_decision	v24.14.0
2026-09-27T01:55:31.718Z	f0900b0e	42	small	200	487	58.8	77.5	14566	agent_decision	v24.14.0
2026-09-27T02:55:27.056Z	20269589	42	small	200	487	60.0	78.4	14770	agent_decision	v24.14.0
2026-09-27T03:54:51.570Z	20269589	42	small	200	487	59.6	79.0	14844	agent_decision	v24.14.0
2026-09-27T04:56:49.665Z	20269589	42	small	200	487	67.7	87.6	16529	agent_decision	v24.14.0
2026-09-27T05:55:37.814Z	2ebe7d4d	42	small	200	490	59.3	77.9	14666	agent_decision	v24.14.0
2026-09-27T06:55:01.648Z	ead40212	42	small	200	490	59.2	79.2	14841	agent_decision	v24.14.0
2026-09-27T07:55:36.166Z	ead40212	42	small	200	490	57.0	76.4	14324	agent_decision	v24.14.0
2026-09-27T08:55:44.685Z	3abbba8a	42	small	200	490	60.7	77.8	14717	agent_decision	v24.14.0
2026-09-27T09:54:52.242Z	3abbba8a	42	small	200	490	59.2	78.4	14738	agent_decision	v24.14.0
2026-09-27T10:55:36.964Z	3abbba8a	42	small	200	490	58.7	77.8	14612	agent_decision	v24.14.0
2026-09-27T11:55:33.229Z	3abbba8a	42	small	200	490	56.8	76.6	14336	agent_decision	v24.14.0
2026-09-27T12:55:10.914Z	626d620e	42	small	200	486	58.0	77.2	14488	agent_decision	v24.14.0
2026-09-27T13:56:07.472Z	ce917ad9	42	small	200	486	59.1	78.4	14721	agent_decision	v24.14.0
2026-09-27T14:55:36.842Z	5ed871b3	42	small	200	486	61.3	105.6	18914	agent_decision	v24.14.0
2026-09-27T15:55:30.223Z	096eb7b5	42	small	200	486	60.1	113.5	20041	agent_decision	v24.14.0
2026-09-27T16:56:09.547Z	2bebc045	42	small	200	486	57.4	76.1	14297	agent_decision	v24.14.0
2026-09-27T17:55:49.639Z	2bebc045	42	small	200	486	60.8	114.3	20194	agent_decision	v24.14.0
2026-09-27T18:55:16.529Z	73c7bdf7	42	small	200	486	62.1	105.5	18941	agent_decision	v24.14.0
2026-09-27T19:55:42.784Z	20e73f8b	42	small	200	486	61.2	120.4	21138	agent_decision	v24.14.0
2026-09-27T20:56:23.756Z	3d83e1fc	42	small	200	486	59.3	118.0	20679	agent_decision	v24.14.0
2026-09-27T21:55:38.202Z	96a4d892	42	small	200	486	60.2	118.1	20732	agent_decision	v24.14.0
2026-09-27T22:55:40.131Z	2ba9db47	42	small	200	486	61.0	105.9	18942	agent_decision	v24.14.0
2026-09-27T23:56:31.321Z	2ba9db47	42	small	200	486	61.4	104.1	18694	agent_decision	v24.14.0
2026-09-28T00:55:44.937Z	931dbc98	42	small	200	489	64.1	99.5	18149	agent_decision	v24.14.0
2026-09-28T01:55:46.718Z	a44bb6f4	42	small	200	489	63.5	114.9	20422	agent_decision	v24.14.0
2026-09-28T02:56:06.999Z	a44bb6f4	42	small	200	489	63.3	118.1	20886	agent_decision	v24.14.0
2026-09-28T03:55:40.090Z	a5c41a3f	42	small	200	509	62.3	132.1	22942	agent_decision	v24.14.0
2026-09-28T04:56:13.699Z	a5c41a3f	42	small	200	509	71.1	143.5	25092	agent_decision	v24.14.0
2026-09-28T05:55:33.903Z	1ad1b776	42	small	200	493	63.7	92.8	17113	agent_decision	v24.14.0
2026-09-28T06:55:38.136Z	501bba92	42	small	200	493	66.0	110.4	19871	agent_decision	v24.14.0
2026-09-28T07:55:51.268Z	36dd245b	42	small	200	514	85.7	135.8	24667	agent_decision	v24.14.0
2026-09-28T08:55:00.375Z	6bd78041	42	small	200	514	89.3	131.4	24178	agent_decision	v24.14.0
2026-09-28T09:55:40.961Z	b6152d98	42	small	200	501	84.0	116.4	21669	agent_decision	v24.14.0
2026-09-28T10:55:47.697Z	85a00047	42	small	200	501	85.5	122.6	22680	agent_decision	v24.14.0
2026-09-28T11:55:13.452Z	50cc9bc2	42	small	200	501	91.1	136.9	25105	agent_decision	v24.14.0
2026-09-28T12:55:05.489Z	a4802bd8	42	small	200	501	82.4	108.1	20347	agent_decision	v24.14.0
2026-09-28T13:55:44.828Z	d5c18734	42	small	200	501	84.5	117.5	21861	agent_decision	v24.14.0
2026-09-28T14:54:58.757Z	88e4562c	42	small	200	501	85.9	127.0	23361	agent_decision	v24.14.0
2026-09-28T15:57:14.231Z	88e4562c	42	small	200	501	103.9	245.0	41962	agent_decision	v24.14.0
2026-09-28T16:55:10.033Z	693eab29	42	small	200	508	71.6	86.6	16581	agent_decision	v24.14.0
2026-09-28T17:55:04.738Z	42e3757e	42	small	200	519	68.3	92.4	17289	agent_decision	v24.14.0
2026-09-28T18:55:26.148Z	bb593004	42	small	200	516	88.1	134.7	24625	agent_decision	v24.14.0
2026-09-28T19:51:00.850Z	292778ce	42	small	200	516	76.2	105.5	19652	agent_decision	v24.14.0
2026-09-28T20:55:19.008Z	292778ce	42	small	200	516	69.7	87.7	16650	agent_decision	v24.14.0
2026-09-28T21:55:41.740Z	7e1abaff	42	small	200	506	74.8	91.8	17514	agent_decision	v24.14.0
2026-09-28T22:55:25.213Z	1200a6f7	42	small	200	515	74.4	89.7	17179	agent_decision	v24.14.0
2026-09-28T23:56:16.487Z	7d0f4f0e	42	small	200	510	73.4	91.7	17432	agent_decision	v24.14.0
2026-09-29T00:55:38.980Z	87957fee	42	small	200	510	74.7	93.7	17795	agent_decision	v24.14.0
2026-09-29T01:55:35.134Z	6f0f63a6	42	small	200	510	74.6	93.8	17813	agent_decision	v24.14.0
2026-09-29T02:55:26.289Z	cac08e12	42	small	200	516	81.4	103.4	19597	agent_decision	v24.14.0
2026-09-29T03:55:36.016Z	cac08e12	42	small	200	516	81.4	101.9	19360	agent_decision	v24.14.0
2026-09-29T04:55:57.599Z	12dae3b2	42	small	200	510	81.4	96.5	18549	agent_decision	v24.14.0
2026-09-29T05:55:59.015Z	12dae3b2	42	small	200	510	75.0	88.4	17019	agent_decision	v24.14.0
2026-09-29T06:55:27.891Z	2ea77a03	42	small	200	510	69.2	78.0	15162	agent_decision	v24.14.0
2026-09-29T07:54:58.583Z	4f4f0377	42	small	200	520	72.1	87.6	16753	agent_decision	v24.14.0
2026-09-29T08:55:33.474Z	77b2b571	42	small	200	520	71.4	86.6	16569	agent_decision	v24.14.0
2026-09-29T09:55:13.887Z	77b2b571	42	small	200	520	72.2	86.5	16590	agent_decision	v24.14.0
2026-09-29T10:55:13.867Z	e60435b0	42	small	200	520	71.6	86.6	16584	agent_decision	v24.14.0
2026-09-29T11:55:24.925Z	8a3df3f5	42	small	200	520	70.5	85.6	16374	agent_decision	v24.14.0
2026-09-29T12:55:38.533Z	e9510efe	42	small	200	520	73.8	89.5	17130	agent_decision	v24.14.0
2026-09-29T13:55:27.984Z	cf68929f	42	small	200	520	75.4	94.8	17999	agent_decision	v24.14.0
2026-09-29T14:55:54.723Z	cf68929f	42	small	200	520	73.6	89.2	17065	agent_decision	v24.14.0
2026-09-29T15:55:35.885Z	67201e12	42	small	200	513	75.1	86.8	16788	agent_decision	v24.14.0
2026-09-29T16:55:47.075Z	67201e12	42	small	200	513	72.9	85.0	16402	agent_decision	v24.14.0
2026-09-30T18:56:08.035Z	1848ae09	42	small	200	534	74.6	88.8	17060	agent_decision	v24.14.0
2026-09-30T19:55:32.873Z	9ce5b0f3	42	small	200	534	75.1	87.6	16900	agent_decision	v24.14.0
2026-09-30T20:56:23.235Z	9ce5b0f3	42	small	200	534	97.3	109.0	21219	agent_decision	v24.14.0
2026-09-30T22:56:09.049Z	fce0bc10	42	small	200	523	72.8	90.9	17292	agent_decision	v24.14.0
2026-09-30T23:55:44.599Z	218cdfa7	42	small	200	531	71.9	84.5	16279	agent_decision	v24.14.0
2026-10-01T00:55:51.021Z	0599592d	42	small	200	540	74.5	90.7	17333	agent_decision	v24.14.0
2026-10-01T01:55:23.258Z	0599592d	42	small	200	540	74.7	89.4	17159	agent_decision	v24.14.0
2026-10-01T02:56:05.816Z	e5118533	42	small	200	540	72.5	89.1	16999	agent_decision	v24.14.0
2026-10-01T03:56:07.874Z	e5118533	42	small	200	540	72.6	88.8	16955	agent_decision	v24.14.0
2026-10-01T04:54:58.896Z	e5118533	42	small	200	540	73.1	88.6	16961	agent_decision	v24.14.0
2026-10-01T05:54:39.156Z	e5118533	42	small	200	540	78.3	89.9	17414	agent_decision	v24.14.0
2026-10-01T06:54:39.788Z	d13751cd	42	small	200	540	73.8	89.8	17166	agent_decision	v24.14.0
2026-10-01T07:54:39.240Z	d13751cd	42	small	200	540	73.6	89.5	17124	agent_decision	v24.14.0
2026-10-01T08:54:55.632Z	d13751cd	42	small	200	540	73.5	90.2	17212	agent_decision	v24.14.0
2026-10-01T09:54:37.845Z	d13751cd	42	small	200	540	73.0	92.4	17518	agent_decision	v24.14.0
2026-10-01T10:55:12.719Z	d13751cd	42	small	200	540	73.4	88.9	17020	agent_decision	v24.14.0
2026-10-01T11:54:34.745Z	540e2146	42	small	200	540	72.9	89.5	17079	agent_decision	v24.14.0
2026-10-01T12:55:02.447Z	3b0a757f	42	small	200	540	73.2	88.5	16939	agent_decision	v24.14.0
2026-10-01T13:55:07.242Z	3b0a757f	42	small	200	540	73.7	89.6	17131	agent_decision	v24.14.0
2026-10-01T14:54:53.749Z	3b0a757f	42	small	200	540	75.8	88.6	17094	agent_decision	v24.14.0
2026-10-02T13:55:34.846Z	7d53560b	42	small	200	540	80.9	103.7	19606	agent_decision	v24.14.0
2026-10-02T14:56:52.963Z	7d53560b	42	small	200	540	80.8	107.6	20190	agent_decision	v24.14.0
2026-10-02T15:56:12.425Z	b5350daa	42	small	200	540	86.2	112.9	21249	agent_decision	v24.14.0
2026-10-02T16:55:56.631Z	38a303ed	42	small	200	540	81.2	105.5	19901	agent_decision	v24.14.0
2026-10-02T17:56:06.230Z	1b12cfd8	42	small	200	540	86.8	131.6	24096	agent_decision	v24.14.0
2026-10-02T18:56:00.936Z	a86eb357	42	small	200	539	82.4	130.9	23768	agent_decision	v24.14.0
2026-10-02T19:56:04.292Z	e9fb93f9	42	small	200	539	86.0	135.4	24620	agent_decision	v24.14.0
2026-10-02T20:56:03.710Z	8421c5e9	42	small	200	539	82.2	130.4	23681	agent_decision	v24.14.0
2026-10-02T21:56:54.323Z	e3ad2b6e	42	small	200	539	82.2	126.2	23050	agent_decision	v24.14.0
2026-10-02T22:55:47.607Z	3a19a912	42	small	200	539	85.5	132.5	24161	agent_decision	v24.14.0
2026-10-02T23:55:31.020Z	034dac21	42	small	200	539	83.5	134.1	24296	agent_decision	v24.14.0
2026-10-03T00:55:43.335Z	68c62a0a	42	small	200	539	94.1	144.5	26403	agent_decision	v24.14.0
2026-10-03T01:55:25.188Z	d20c72c3	42	small	200	539	98.7	152.9	27887	agent_decision	v24.14.0
2026-10-03T02:56:00.200Z	d20c72c3	42	small	200	539	90.9	145.3	26361	agent_decision	v24.14.0
2026-10-03T03:55:28.524Z	f184fa93	42	small	200	539	85.5	132.4	24149	agent_decision	v24.14.0
2026-10-03T04:56:23.776Z	f184fa93	42	small	200	539	92.9	148.0	26862	agent_decision	v24.14.0
2026-10-03T05:55:46.876Z	f18d1003	42	small	200	548	84.0	142.1	25532	agent_decision	v24.14.0
2026-10-03T06:55:11.164Z	c9c1b0ec	42	small	200	548	85.0	113.8	21326	agent_decision	v24.14.0
2026-10-03T07:55:47.355Z	d77c6eea	42	small	200	548	96.5	146.9	26882	agent_decision	v24.14.0
2026-10-03T08:56:55.816Z	20788e50	42	small	200	548	180.3	186.1	36955	agent_decision	v24.14.0
2026-10-03T09:55:58.308Z	a2eb0b54	42	small	200	548	87.0	144.6	26053	agent_decision	v24.14.0
2026-10-03T10:55:07.030Z	8600a649	42	small	200	548	87.8	143.8	25972	agent_decision	v24.14.0
2026-10-03T11:57:29.587Z	453c17f9	42	small	200	548	91.0	147.6	26701	agent_decision	v24.14.0
2026-10-03T12:56:04.992Z	f8463b71	42	small	200	548	91.5	152.4	27449	agent_decision	v24.14.0
2026-10-03T13:55:51.036Z	193c75d7	42	small	200	548	90.9	148.6	26853	agent_decision	v24.14.0
2026-10-03T14:55:53.140Z	40cc462c	42	small	200	548	91.3	149.7	27027	agent_decision	v24.14.0
2026-10-03T15:56:10.112Z	d67c4aae	42	small	200	548	92.4	148.9	26974	agent_decision	v24.14.0
2026-10-03T16:55:52.751Z	39fed17e	42	small	200	548	92.2	148.2	26850	agent_decision	v24.14.0
2026-10-03T17:55:53.507Z	354e407e	42	small	200	548	93.8	148.0	26900	agent_decision	v24.14.0
2026-10-03T18:55:53.050Z	bf555a72	42	small	200	548	92.0	150.0	27113	agent_decision	v24.14.0
2026-10-03T19:55:44.956Z	bf555a72	42	small	200	548	90.3	145.4	26339	agent_decision	v24.14.0
2026-10-03T20:56:02.384Z	b928796a	42	small	200	532	95.7	143.9	26385	agent_decision	v24.14.0
2026-10-03T21:55:40.539Z	b928796a	42	small	200	532	233.2	244.6	48370	agent_decision	v24.14.0
2026-10-03T22:55:50.770Z	347c4646	42	small	200	532	93.9	145.1	26478	agent_decision	v24.14.0
2026-10-03T23:55:37.780Z	dac362eb	42	small	200	532	92.7	146.0	26541	agent_decision	v24.14.0
2026-10-04T00:56:05.253Z	d695cacc	42	small	200	532	94.1	146.7	26718	agent_decision	v24.14.0
2026-10-04T01:55:59.045Z	dca9681d	42	small	200	532	93.7	148.4	26957	agent_decision	v24.14.0
2026-10-04T02:56:06.735Z	dca9681d	42	small	200	532	92.2	146.0	26521	agent_decision	v24.14.0
2026-10-04T03:55:47.162Z	327e6d10	42	small	200	532	93.6	145.9	26576	agent_decision	v24.14.0
2026-10-04T04:56:03.925Z	379b2007	42	small	200	532	96.3	146.8	26850	agent_decision	v24.14.0
2026-10-04T05:55:49.609Z	30f82b87	42	small	200	532	83.4	105.7	20039	agent_decision	v24.14.0
2026-10-04T06:56:03.490Z	e0c78a11	42	small	200	532	103.9	151.1	27870	agent_decision	v24.14.0
2026-10-04T07:55:59.401Z	4ac21642	42	small	200	532	93.1	139.1	25537	agent_decision	v24.14.0
2026-10-04T08:51:11.005Z	4ac21642	42	small	200	532	114.1	165.5	30546	agent_decision	v24.14.0
2026-10-04T09:56:10.575Z	da24c566	42	small	200	532	92.7	146.7	26644	agent_decision	v24.14.0
2026-10-04T10:55:55.614Z	d723a3d8	42	small	200	532	91.3	146.2	26506	agent_decision	v24.14.0
2026-10-04T11:55:56.504Z	cb58a9d6	42	small	200	532	89.7	138.9	25328	agent_decision	v24.14.0
2026-10-04T12:56:02.172Z	545f5a80	42	small	200	523	82.7	106.7	20153	agent_decision	v24.14.0
2026-10-04T13:55:54.566Z	9579db71	42	small	200	523	98.4	149.5	27360	agent_decision	v24.14.0
2026-10-04T14:56:17.872Z	84e9df05	42	small	200	523	109.2	165.7	30331	agent_decision	v24.14.0
2026-10-04T15:56:59.923Z	288083e6	42	small	200	523	110.9	160.0	29556	agent_decision	v24.14.0
2026-10-04T16:55:14.652Z	288083e6	42	small	200	523	99.3	148.7	27286	agent_decision	v24.14.0
2026-10-04T17:55:39.807Z	288083e6	42	small	200	523	92.8	149.0	27011	agent_decision	v24.14.0
2026-10-04T18:56:28.391Z	15a9d7c2	42	small	200	523	96.3	155.4	28141	agent_decision	v24.14.0
2026-10-04T19:54:52.087Z	6a8b325c	42	small	200	523	75.9	96.3	18248	agent_decision	v24.14.0
2026-10-04T20:55:27.039Z	6a8b325c	42	small	200	523	78.5	101.3	19129	agent_decision	v24.14.0
2026-10-04T21:54:55.340Z	e99db0b0	42	small	200	523	77.7	98.2	18623	agent_decision	v24.14.0
2026-10-04T22:55:06.223Z	e99db0b0	42	small	200	523	78.0	98.5	18683	agent_decision	v24.14.0
2026-10-04T23:55:05.842Z	e99db0b0	42	small	200	523	78.9	98.9	18785	agent_decision	v24.14.0
2026-10-05T00:55:52.693Z	d9ca6c1c	42	small	200	523	138.1	141.9	28200	agent_decision	v24.14.0
2026-10-05T01:54:57.439Z	40edfe84	42	small	200	615	80.9	96.0	18456	agent_decision	v24.14.0
2026-10-05T02:55:32.250Z	f905e996	42	small	200	621	81.4	96.4	18546	agent_decision	v24.14.0
2026-10-05T03:55:15.234Z	f905e996	42	small	200	621	81.7	96.5	18569	agent_decision	v24.14.0
2026-10-05T04:54:41.398Z	f7690e39	42	small	200	652	89.6	108.0	20696	agent_decision	v24.14.0
2026-10-05T05:54:33.831Z	f7690e39	42	small	200	652	92.1	105.6	20457	agent_decision	v24.14.0
2026-10-05T06:55:09.166Z	8d34ceab	42	small	200	652	87.1	105.1	20137	agent_decision	v24.14.0
2026-10-05T07:56:46.259Z	c4769f1f	42	small	200	652	82.3	103.1	19595	agent_decision	v24.14.0
2026-10-05T08:55:16.560Z	feb61291	42	small	200	652	82.3	106.3	20064	agent_decision	v24.14.0
2026-10-05T09:55:14.728Z	e2f765fc	42	small	200	645	82.7	103.3	19644	agent_decision	v24.14.0
2026-10-05T10:54:56.743Z	e2f765fc	42	small	200	645	86.2	103.1	19781	agent_decision	v24.14.0
2026-10-05T11:55:24.186Z	e2f765fc	42	small	200	645	81.4	99.7	19033	agent_decision	v24.14.0
2026-10-05T12:55:15.929Z	e2f765fc	42	small	200	645	80.5	101.8	19297	agent_decision	v24.14.0
2026-10-05T13:55:17.898Z	2fe01185	42	small	200	645	82.5	103.1	19603	agent_decision	v24.14.0
2026-10-05T14:55:14.836Z	2fe01185	42	small	200	645	86.5	104.8	20057	agent_decision	v24.14.0
2026-10-05T15:55:42.174Z	2fe01185	42	small	200	645	98.4	144.3	26574	agent_decision	v24.14.0
2026-10-05T16:54:44.449Z	271898e3	42	small	200	645	87.5	111.4	21092	agent_decision	v24.14.0
2026-10-05T17:54:48.478Z	68afd3d8	42	small	200	645	89.2	116.4	21935	agent_decision	v24.14.0
2026-10-05T18:55:34.248Z	c53a96c4	42	small	200	645	90.1	119.7	22472	agent_decision	v24.14.0
2026-10-05T19:54:44.377Z	fc18cc32	42	small	200	645	89.5	124.7	23187	agent_decision	v24.14.0
2026-10-05T20:55:58.926Z	fc18cc32	42	small	200	645	82.5	105.3	19933	agent_decision	v24.14.0
2026-10-05T21:54:53.725Z	df6bcd84	42	small	200	645	84.9	108.6	20540	agent_decision	v24.14.0
2026-10-05T22:55:30.227Z	df6bcd84	42	small	200	645	83.4	107.6	20325	agent_decision	v24.14.0
2026-10-05T23:54:59.767Z	546f3a47	42	small	200	645	83.7	108.1	20409	agent_decision	v24.14.0
2026-10-06T00:55:20.226Z	56174365	42	small	200	645	86.1	113.4	21327	agent_decision	v24.14.0
2026-10-06T01:55:27.757Z	56174365	42	small	200	645	85.1	106.6	20249	agent_decision	v24.14.0
2026-10-06T02:55:34.519Z	c0ac7fd0	42	small	200	645	85.1	107.3	20366	agent_decision	v24.14.0
2026-10-06T03:55:30.924Z	5e0bcb60	42	small	200	645	83.4	105.9	20067	agent_decision	v24.14.0
2026-10-06T04:54:39.297Z	5e0bcb60	42	small	200	645	84.0	107.5	20335	agent_decision	v24.14.0
2026-10-06T05:55:32.242Z	5e0bcb60	42	small	200	645	83.7	107.7	20355	agent_decision	v24.14.0
2026-10-06T06:56:00.705Z	a176afa7	42	small	200	645	86.0	107.5	20430	agent_decision	v24.14.0
2026-10-06T07:55:40.202Z	a176afa7	42	small	200	645	83.6	107.3	20289	agent_decision	v24.14.0
2026-10-06T08:56:10.916Z	522b0c55	42	small	200	645	83.5	106.6	20175	agent_decision	v24.14.0
2026-10-06T09:55:31.717Z	522b0c55	42	small	200	645	85.5	117.5	21906	agent_decision	v24.14.0
2026-10-06T10:55:16.066Z	522b0c55	42	small	200	645	84.2	110.8	20838	agent_decision	v24.14.0
2026-10-06T11:55:30.856Z	522b0c55	42	small	200	645	84.7	109.2	20616	agent_decision	v24.14.0
2026-10-06T12:56:17.056Z	7c419359	42	small	200	645	106.1	173.5	31335	agent_decision	v24.14.0
2026-10-06T13:55:41.067Z	f23f37e4	42	small	200	608	94.1	116.0	22108	agent_decision	v24.14.0
2026-10-06T14:55:42.320Z	f23f37e4	42	small	200	608	96.4	117.6	22462	agent_decision	v24.14.0
2026-10-06T15:55:28.140Z	1a9e5385	42	small	200	608	96.9	116.3	22307	agent_decision	v24.14.0
2026-10-06T16:55:57.880Z	1a9e5385	42	small	200	608	95.4	118.2	22513	agent_decision	v24.14.0
2026-10-06T17:55:46.216Z	c81bb87d	42	small	200	608	94.0	115.1	21984	agent_decision	v24.14.0
2026-10-06T18:55:51.681Z	6030bcea	42	small	200	608	98.2	128.8	24236	agent_decision	v24.14.0
2026-10-06T19:55:53.581Z	5c787991	42	small	200	608	101.1	126.2	24000	agent_decision	v24.14.0
2026-10-06T20:55:19.906Z	a43dc356	42	small	200	608	101.7	124.2	23728	agent_decision	v24.14.0
2026-10-08T04:43:02.913Z	a43dc356	42	small	200	608	108.9	168.7	30759	agent_decision	v24.14.0
2026-10-08T04:55:16.101Z	b20e5003	42	small	200	608	143.5	215.4	39496	agent_decision	v24.14.0
2026-10-08T05:55:26.963Z	b5cc3ece	42	small	200	608	96.3	119.9	22816	agent_decision	v24.14.0
2026-10-08T06:57:16.377Z	ca089d08	42	small	200	608	94.6	115.9	22130	agent_decision	v24.14.0
2026-10-08T07:55:14.026Z	ca089d08	42	small	200	608	96.1	125.0	23561	agent_decision	v24.14.0
2026-10-08T08:55:49.973Z	ca089d08	42	small	200	608	94.0	115.3	21998	agent_decision	v24.14.0
2026-10-08T09:55:34.738Z	ca089d08	42	small	200	608	94.4	117.8	22406	agent_decision	v24.14.0
2026-10-08T10:55:00.707Z	ca089d08	42	small	200	608	93.5	116.7	22189	agent_decision	v24.14.0
2026-10-08T11:54:51.822Z	ca089d08	42	small	200	608	97.0	119.3	22760	agent_decision	v24.14.0
2026-10-08T12:55:26.585Z	ca089d08	42	small	200	608	98.7	119.0	22795	agent_decision	v24.14.0
2026-10-08T13:54:37.980Z	ca089d08	42	small	200	608	97.6	118.6	22684	agent_decision	v24.14.0
2026-10-08T14:55:55.943Z	ca089d08	42	small	200	608	96.8	117.2	22436	agent_decision	v24.14.0
2026-10-08T15:55:28.284Z	ca089d08	42	small	200	608	97.9	115.0	22157	agent_decision	v24.14.0
2026-10-08T16:54:52.903Z	ca089d08	42	small	200	608	96.9	120.9	22996	agent_decision	v24.14.0
2026-10-08T17:55:15.431Z	ca089d08	42	small	200	608	94.9	118.5	22534	agent_decision	v24.14.0
2026-10-08T18:55:44.593Z	ca089d08	42	small	200	608	95.9	117.2	22380	agent_decision	v24.14.0
2026-10-08T20:56:50.267Z	afbe629e	42	small	200	602	104.3	115.5	22551	agent_decision	v24.14.0
2026-10-08T22:17:55.578Z	84894af3	42	small	200	602	106.4	129.5	24763	agent_decision	v24.14.0
2026-10-08T22:55:52.185Z	84894af3	42	small	200	602	93.8	107.9	20881	agent_decision	v24.14.0
2026-10-08T23:56:13.437Z	84894af3	42	small	200	602	95.4	106.1	20692	agent_decision	v24.14.0
2026-10-09T00:56:12.101Z	125801e0	42	small	200	602	105.9	135.4	25617	agent_decision	v24.14.0
2026-10-09T04:39:44.242Z	125801e0	42	small	200	602	135.4	183.4	34297	agent_decision	v24.14.0
2026-10-09T04:54:47.594Z	125801e0	42	small	200	602	102.1	128.9	24453	agent_decision	v24.14.0
2026-10-09T05:56:25.885Z	21b7ab44	42	small	200	602	106.9	131.4	25073	agent_decision	v24.14.0
2026-10-09T06:54:47.411Z	6f5dfea1	42	small	200	602	120.6	158.6	29842	agent_decision	v24.14.0
2026-10-09T07:55:51.577Z	1a7e9180	42	small	200	602	118.6	136.4	26407	agent_decision	v24.14.0
2026-10-09T08:55:29.417Z	bd0baddf	42	small	200	602	107.9	127.6	24551	agent_decision	v24.14.0
2026-10-09T09:56:12.905Z	bd0baddf	42	small	200	602	115.4	143.3	27279	agent_decision	v24.14.0
2026-10-09T10:55:24.621Z	ccf17216	42	small	200	602	109.6	136.8	26014	agent_decision	v24.14.0
2026-10-09T11:55:07.725Z	de881c96	42	small	200	602	111.8	126.2	24526	agent_decision	v24.14.0
2026-10-09T12:54:44.306Z	30b072e2	42	small	200	602	94.1	108.1	20927	agent_decision	v24.14.0
2026-10-09T13:55:24.571Z	b72c3c1d	42	small	200	609	380.4	228.0	53239	agent_decision	v24.14.0
2026-10-09T14:55:01.374Z	9f85a553	42	small	200	609	123.7	163.6	30742	agent_decision	v24.14.0
2026-10-09T15:55:27.752Z	3a978bcb	42	small	200	609	98.4	136.8	25449	agent_decision	v24.14.0
2026-10-09T16:55:15.324Z	f4a3377b	42	small	200	609	105.5	134.4	25446	agent_decision	v24.14.0
2026-10-09T17:55:51.631Z	c4e887ed	42	small	200	609	114.9	184.9	33496	agent_decision	v24.14.0
2026-10-09T18:55:17.196Z	1a81895a	42	small	200	609	106.0	126.3	24263	agent_decision	v24.14.0
2026-10-09T19:55:26.020Z	f808f53a	42	small	200	609	110.6	123.8	24114	agent_decision	v24.14.0
